State,0,1,2,3,4,5
03210102203910,0.731318049583696,0.20987011183938664,0.3341901976602737,0.19776939039493346,0.7353843588658431,0.739959937189279
03210102203911,0.08687409658910994,0.006556069782627794,0.6418303871186232,0.14988555509948565,0.12886927210423316,0.6192168343373557
03210102203912,0.8670956738895903,0.6800686367181414,0.13154614962121347,0.3494663014742484,0.7339173922767973,0.6954724359736595
10010110204800,0.10899026972553916,0.15226304113123834,0.9454616721804447,0.9213982568821303,0.7619485545061119,0.30278636699832917
10010110204900,0.8135011661278096,0.29636625727587673,0.15579038983387183,0.8195433011889495,0.3704849174583362,0.11945308540059774
10010112003800,0.4301782163955491,0.16018773955513066,0.04039102485939261,0.5103534902174963,0.13793875307446624,0.9663861515895609
10010112003900,0.9242143360988153,0.29304448589082566,0.25744146826879866,0.2456605449810203,0.14239873178173834,0.5600696972071043
10010112004000,0.4331646602759067,0.6858066647803666,0.5411483927576052,0.7526577256490229,0.26167818963729617,0.5835669584658251
10010112004100,0.3601389782535803,0.4144961540725418,0.15443651808442727,0.19880152645114446,0.8870068185831653,0.9238321054093739
10010112004200,0.5154687812750038,0.03398066680877154,0.41654539589517037,0.03504252768290583,0.06596259285879624,0.5228261199498082
10010112004300,0.14428802634864824,0.17284047032699013,0.04167166737746464,0.5067431897942958,0.7404614532253011,0.7310010116066964
10010112004400,0.8320071271064624,0.1193429428006415,0.5789865702088848,0.06153484693451394,0.8208288187328304,0.44926349993695813
10010112004500,0.43579565908433304,0.1233819403580021,0.5812933214777384,0.5917353475544325,0.038449056159093,0.266599415454596
10010112004600,0.41693416272116546,0.9770737622774865,0.01048444030703155,0.545250053239216,0.014264563076902381,0.7476215523553954
10010112004700,0.21377072192723523,0.27583724209864213,0.05382084861450709,0.5116115856352668,0.6527110633243619,0.5505333994969878
10010112004800,0.23303359120726053,0.022163608763254516,0.3894979319081596,0.06271715607721862,0.5656190061718874,0.09499260834734646
10010112004900,0.7696421702376747,0.7645924901265477,0.0941176500272739,0.05138287634652727,0.7302261627170459,0.5789337973319905
10010112204900,0.7406351772873883,0.6894896791443811,0.53759390903023,0.24397593779506144,0.9570135880230696,0.9481228268231464
10010112205000,0.10877057275778412,0.6276659360852225,0.39609780322045296,0.9574489638243502,0.36792318944115754,0.48998438883354056
10010112205100,0.2430053748728005,0.9340214998202602,0.28220557469950813,0.27086368632005076,0.6279783268752989,0.5323156995825431
10010112205200,0.30733964540951386,0.8353606232601072,0.2851296926711707,0.04170424136037354,0.2994627537457418,0.13620910520595164
10010112205300,0.5981245043954353,0.7559048235718481,0.229773046550248,0.09144410764787925,0.26004272759327607,0.3275308299665146
10010113203710,0.08891951103501139,0.6475990177577002,0.037203713666024374,0.3865351350056653,0.7945117518555245,0.48453525706313216
10010113203810,0.8720532009862311,0.3366886553840506,0.06924381649301314,0.7380832808499702,0.39708436732916563,0.5198046250621227
10010113203910,0.04940060736384222,0.18615723047408794,0.7268210314363034,0.03427900236812731,0.23784949732917904,0.44959721018496734
10010113204010,0.9784097044093233,0.7959880163373457,0.7543464727565856,0.1604809820267381,0.17916851736513273,0.6095352690441965
10010113204110,0.5056363580663082,0.5105216587377699,0.5091123475863869,0.491482345875651,0.047088231594984875,0.4882098605162456
10010113204111,0.8417311581889158,0.27126221494843783,0.8421127428893106,0.20972314606559594,0.8490856231960686,0.22684173180909206
10010113204112,0.44069838652832094,0.7736721025870494,0.8863814570561735,0.12320332131396572,0.30339703551949015,0.3218218197793121
10013112003710,0.9427693441025519,0.26916046301676533,0.3033698648848394,0.012954699697562133,0.0795403700450883,0.1204839935108325
10013112003711,0.7966568338837439,0.6557622364372241,0.10842217232931206,0.7877725732305011,0.006031170839084776,0.64743491117347
10013112003712,0.7702705798297176,0.6185169434761174,0.4650582713385075,0.05144158196611681,0.6269687927136869,0.7715178485063793
10013112003810,0.8247300630002522,0.11348454149220077,0.9876411738262656,0.29868993484891543,0.975923942766668,0.052882343171623325
10013112003811,0.30060083271916427,0.9612205724259263,0.1133494702100376,0.6330124645249663,0.04340644297396046,0.6742149796191789
10013112003910,0.9620806678217337,0.8444660939438333,0.23819405057128273,0.8125436998754106,0.924610060648777,0.23492572899801822
10013112003911,0.19205361458655978,0.8121143058810433,0.8112692563599689,0.5470024163175102,0.842571521659398,0.8077268004251097
10013112004010,0.7238836779668613,0.5264832141146824,0.6342018238477376,0.2583032505185924,0.3679351611909125,0.08180264874789467
10013112004011,0.41526152273577244,0.3839600828818084,0.9479436814030497,0.8554225720655474,0.6838159970659033,0.5685564378975265
10013112004110,0.6462838919701271,0.1552185613252507,0.5876478207703725,0.37851290865304776,0.650367378592016,0.5194847015649868
10013112004111,0.5908372659784391,0.5879914279660933,0.4985097291440579,0.28911088515853756,0.5570635155625216,0.595021109938298
10013112004112,0.3426769763252082,0.25233365143738895,0.8152729809467871,0.47165258429451384,0.1501031845769345,1.7735560926942693
10013112004210,0.388969158094972,0.060141611023032726,0.4258368746484983,0.26689273396660196,0.08465122394389024,0.7650894747358172
10013112004310,0.6732259980785977,0.9490676599795035,0.6552305121194822,0.1301883088715915,0.023473653422283802,0.4078887915203091
10013112004410,0.6538890366026423,0.053943494740974596,0.5050885949453295,0.20830563573137006,0.5276876831253307,0.7827263949783654
10013112004510,0.8006172355788924,0.7928905540543445,0.133247264343619,0.05129082529516904,0.8050475770233823,0.6529710145962793
10013112204212,0.7568270889042499,0.5676956026632277,0.9892988641977353,0.28897043095460806,0.008697304744615164,0.41132652882914744
10013112204312,0.8956793768008536,0.9586572045552585,0.2680699206242727,0.09457073766111868,0.5230370476459738,0.9570279248841983
10013112204412,0.8814102755210214,0.2777285634014083,0.5230034776540938,0.010062879828332205,0.6633127325253367,0.20039049044720392
10013112204510,0.22740145324179872,0.5571705017942096,0.4124053370070637,0.3005355704314886,0.5340617990162997,0.5592968559144268
10013112204511,0.7480362614713858,0.28289767659375675,0.75115942456046,0.4691269778526441,0.5751641518281003,0.5714804568327506
10013112204512,0.43526354793671107,1.6669651484981292,0.2711559426803566,0.1465319455117804,0.6479943102878213,0.010435704040391847
10013112204610,0.8429196690599112,0.7485919169972873,0.6675110439696305,0.5767248714070519,0.6835055351382755,0.3596813616273342
10013112204710,0.9097240040703048,0.14007647242213084,0.4683519114224054,0.2073030910922603,0.3875154419097827,0.13829192482790742
10013112204810,0.0026275885392210707,0.5885714860215843,0.634060472808689,0.19891558812995735,0.5025383103809613,0.5348345945187908
10013112204910,0.9595886334058203,0.20246574985287913,0.5537149981714043,0.3808584091527484,0.10175365877502252,0.21496430109296005
10110210104000,0.06887315488717138,0.16032933943205419,0.16570604235993233,0.15985412279618155,0.1560919797640247,0.1667257405844006
10110210104400,0.716233480853308,0.1056516849454171,0.8841028688498226,0.1604447835794599,0.30277608923991406,0.8787109344511905
10110212104000,0.32129934147591643,0.29674127994374855,0.6932964659472436,0.5893707754356139,0.6047735231330053,0.6571438547684759
10110212104400,0.36064593607194295,0.5394054032249672,0.8456469614818914,0.8361563160727234,0.07107256401964712,0.12189687108531344
10110212104800,0.13291094202416398,0.22867889525803187,0.030604840499643737,0.18114006512996095,0.1813939837704711,0.18646727330109236
10110212104900,0.5820660831399397,0.9100265613150181,0.605260683774108,0.7850722997913852,0.7615427269729449,0.23878657700874995
10110212105000,0.5348131252209735,0.2945306431768685,0.6355428257815445,0.9183895715864857,0.3402222189408667,0.15134731112963218
10110212105100,0.6286658565579483,0.7658620336189101,0.9982738328357894,0.43136756171764723,0.6599867268285735,0.13025654469654424
10113210103610,0.04794514110763115,0.06603729477413589,0.03811580153113392,0.9293752228161711,0.0900102480604007,0.9585918980340962
10113210103710,0.4066631814730465,0.22592382893091423,0.5162256623879593,0.3174249267789403,0.004889516997296894,0.19556666010686274
10113210103810,0.36525795267330063,0.3848188477907907,0.7084603607509734,0.647447548411146,0.33794493718064056,0.8255672394350209
10113210103910,0.23733431141360095,0.18531600536326953,0.37495112931318597,0.556159285948186,0.5164800163104359,0.3162117493037129
10113210104010,0.3611976852908704,0.927579032395793,0.9356713966462743,0.0705631704329659,0.2124032066758923,0.3106965639820013
10113210104410,1.6770295186491806,0.1863774046955039,0.6819358444593409,0.36741399050695944,0.30354087671430385,0.7555499716646659
10113210104510,0.5858270820151238,0.79295188045463,0.31088693117251487,0.5970991360534177,0.6778302384462497,0.2789131056496299
10113210104610,0.4734235851144546,0.2700876514176723,0.2574757956771866,0.19183358653225369,0.455688757044192,0.4452325331279089
10113210104710,0.7119978183119506,0.12774223542337615,0.0011550900123334928,0.06752608191272791,0.37432566642446896,0.18732891541777996
10113210104810,0.3070888019696971,0.8500073784226606,0.22954752209228702,0.16009927595169682,0.7060423854772928,0.9162701707864684
10113210104811,0.19299052479850665,0.5310550773356197,0.12837508797712838,0.16499083914344925,0.14153214743700704,0.7637034413615507
10113210104812,0.8157282349671455,0.4068985813592033,0.015722664650943186,0.5315009799322272,0.5531095221413045,0.5117235650809114
10310112004512,0.11302488084328077,0.29216204144765556,0.1686612331672488,1.2430099441945848,0.7071010803677232,0.26678406646719277
10310112004612,0.6667275542735659,0.4887154880228103,0.37548914463526006,0.24472763708943468,0.9398803218708829,0.11450328936017928
11100001004600,0.06265998088798763,0.7933963099464229,0.3612189262325808,0.22222363345448448,0.8413249006946621,0.9266054841252358
11100001004700,0.23691928585072408,0.6285402299262577,0.5607218447465081,0.7696506305248886,0.670117014516577,0.9858889165804046
11100001204100,0.6327433808470186,0.623561205065517,0.6316038247188964,0.6321497351445944,0.12746110629880059,0.6249709223678792
11100001204200,0.4937564481856902,0.29444354292115016,0.05366743100197213,0.244708259717478,0.8089046091844769,0.3022672243910757
11100001204300,0.763913018831064,0.2800898555677238,0.3021114993544617,0.5290765913834229,0.9361072727828621,0.7315619932017534
11100001204400,0.019672923068364434,0.6439351597624796,0.6285998241008848,0.38865093269269,0.36321176354062157,0.22504349362728082
11100001204500,0.37324506203390573,0.46566478126392774,0.4969250711428418,0.09564230679756491,0.812623597827083,0.6725294932008433
11100031004110,0.892599424699542,0.0013550526937716745,0.4231493326298831,0.2948807697004203,0.7980553238174254,0.8331143292289255
11100031004112,0.6617410501210164,0.8303306401408962,0.27513840948720725,0.19039270574326783,0.008607512882075619,0.44528123779906736
11100201003700,0.02677881884616007,0.5096002739327983,0.7629115074566774,0.39473986539961037,0.6262540234226501,0.9090897137199974
11100201003800,0.5740529878116591,0.8273701527099412,0.7201691289594663,0.9698128825258479,0.6989509023136707,0.9544446247835138
11100201003900,0.07099985852647295,0.6830579186499929,0.17502413243196047,0.11672425777571849,0.7762309739680906,0.3092447593285049
11100201004000,0.6318900368901702,0.619930738725262,0.6876009025094778,0.22213969470919703,0.5804304452594984,0.6205902671027128
11100201004100,0.580487347704632,0.5075015999874439,0.5924977103917771,0.512407390247605,0.020881000713137032,0.3359691000380035
11100201204100,0.9087526165310219,0.5311431861850222,0.21427277278270107,0.6702708971443013,0.48341117918468823,0.11289124650491555
11100210104000,0.06418199883147313,0.18215848912904153,0.43080091869829495,0.20762175261809823,0.13329623964595327,1.1752752889534612
11100212104000,0.26036781526449404,0.6076860951944059,0.46848061147271647,0.12179466696343211,0.6654684104732111,0.6804306647144776
11100212104100,0.39877203356983393,0.4380045213011794,0.6302765813652571,0.8537952087419635,0.7029462567807526,0.498503056351299
11100212104200,0.2782397236305374,0.5414829248083425,0.10081249103560752,0.8850326929247241,0.7912150362185569,0.23155327774650758
11100212104300,0.7582321082617778,0.07025955158439967,0.02461455722119399,0.23243986044370524,0.8379998650621006,0.7371118582743337
11100212104400,0.17875804541996543,0.8573977118872353,0.8536073706444058,0.7959364645992242,0.810267980682931,0.8592292889245491
11100212104800,0.5400193545542783,0.5039437183602297,0.21778435713020805,0.5313412083472174,0.49104560302327926,0.5193686455062418
11100231004110,0.029903825512092475,0.8941002988203058,0.9367847407701345,0.8959103672615312,0.4798841741993032,0.49756333705934586
11100231004111,0.5894818885865868,0.36433859427585114,0.5067019346021187,0.7426796179359534,0.12781599271236832,0.7436909045816712
11100231004112,0.22877114702276247,0.5935205220743803,1.7712487214835881,0.4243177893842036,0.5655557153836166,0.34121689440705505
11100231204111,0.5498425497292856,0.8428306398518989,0.1315135491374977,0.5845108135008815,0.7914165788682107,0.027311087147912083
11100231204112,0.3637456351753654,0.669392173229011,0.2363657792709175,0.400745914383577,0.05209050279219962,0.7561536889867216
11103001004510,0.4086977296683222,0.13327852984446575,0.7373176619006688,0.736638424633608,0.7091971496181925,0.37599123643185384
11103001004511,0.8949539540314638,0.7734325112731456,0.18163214218513835,0.6048985703667772,0.35853839643821783,0.15472795076489576
11103001004512,1.318171639476499,0.10082540853645328,0.3965682278835977,0.3132696277604262,0.33250249728110426,0.010897690010212124
11103001004610,0.5932746684841476,0.5939514701590878,0.31571149913112284,0.6883990307404728,0.67845272926743,0.3230316565134419
11103001004710,0.06962138691769537,0.8523833718800161,0.38692301272385443,0.03049298814883772,0.16837559905122834,0.5560610665249061
11103001004810,0.6566629590126563,0.7620707109429387,0.15004092831146132,0.9531181170978964,0.9011466585367676,0.1122355667859174
11103001004910,0.2354552378170527,0.7568786243830422,0.9835096054669586,0.46011631431877953,0.43934081118528634,0.7017413925697047
11103001204110,0.6697393354596279,0.690784238983845,0.5879947159823583,0.20847106599845056,0.681853565067286,0.42771169798726116
11103201002910,0.5495671923751584,0.49328981707104846,0.7137662954280992,0.9589856916992562,0.33118876041924605,0.8168838583511264
11103201003010,0.8195286582547885,0.08056684597828678,0.2587738608049903,0.8447034924890432,0.05221462001061061,0.5172724594967192
11103201003110,0.5748356912718382,0.8438739416777997,0.3766381237969034,0.056280192929211936,0.4815826397939982,0.24320341921617805
11103201003210,0.7108691938033035,0.49418245181691345,0.4066193189426949,0.3544533296763217,0.8342883594340041,0.4109701527967835
11103201003310,0.458830548989669,0.2767439695682129,0.4103814408670312,0.6479398944586332,0.8596539593161688,0.6105466140307573
11103201003410,0.332278495965019,0.6101438762447475,0.3393822901441357,0.3932647315781348,0.3071725473138631,0.9608001355462812
11103201003411,0.373806461447721,0.49818279913503016,0.052162553965990566,0.5633951376697617,0.7546730241640167,0.9243784348863033
11103201003510,0.6429089430896969,0.23968544518649948,0.8255113848529954,0.8809406172754751,0.8823400042414387,0.7222941551772494
11103201003511,0.3005420425329026,0.8232032926560036,0.10507788822182296,0.8479449717932284,0.749685784946131,0.7235154475996226
11103201003610,0.6943865140368229,0.6715438741783883,0.8166373936663939,0.39749425449127407,0.5889906680051118,0.805181123015524
11103201003611,0.18248550274040742,0.9240879789566969,0.9249175647313388,0.7460021376468172,0.7822896990661625,0.10016455660721746
11103201003710,0.8348916532299727,0.04448373507082792,0.13514208242197212,0.44890493050493707,0.055019679249774134,0.030640970367578513
11103201003711,0.7651075611048657,0.3205627114631926,0.36743976495851194,0.7008701249493349,0.7293684701692786,0.5269883253382756
11103201003712,0.5051755866881368,0.3047185704098747,0.36665360299026795,0.6329240316798982,0.32179684317334256,0.007831385438830996
11103210104010,0.017953422023417764,0.5922646141236975,0.7706127360107378,1.4165431511879591,0.000327089356752186,0.6077556969396909
11103212104010,0.6437567392595288,0.4961300757600937,0.1719920505229361,0.024828657705294854,0.41800340670097513,0.30121796213066954
11110010103500,0.13184935306629741,0.7301823788303411,0.5381705761254891,0.01544149129714345,0.5351818992583649,0.7998599316835103
11110010103600,0.4096548259846363,0.5615295059796815,0.690840438341671,0.48399169066227077,0.4528315343443503,0.2757559816091881
11110010103700,0.1998308025569454,0.7454954210495387,0.6679658598918735,0.4548601594305821,0.008767258583423643,0.6872934014336735
11110010103800,0.7253302292923575,0.7249320738435581,0.6165976390731529,0.3486610111536238,0.0744686787518476,0.7137002239902597
11110010103900,0.43969497976883665,0.3837950000269811,0.487204163260341,0.07172110171446133,0.24435064319171995,0.3285009913745366
11110010104000,0.6103079082056836,0.006262951879996592,0.06454387323366861,0.21860545515277718,0.43149981377286806,0.4216285235244923
11110010104100,0.2861387699108634,0.7428304044543437,0.29147933739631293,0.6838386448998631,0.6634108916809651,0.30521073083812855
11110010104200,-0.014432374170907328,-0.008980106582899453,-0.011973298550621653,-0.0055221484569277085,-0.021439794643228698,-0.006512538372216986
11110010104300,0.6825237292320901,0.6733052102941073,0.16892453946080177,0.680920568623745,0.0017069528306039583,0.3401294565979863
11110010104400,0.6111227024516224,0.7367531073614471,0.7353507894173041,0.736711968295826,0.7050477405568907,0.7404643718542079
11110010104500,0.484736645328003,0.3323691677681224,0.48013470384899404,0.38548978009024526,0.46833311550444157,0.4886451062747672
11110010104600,0.3653054029862355,0.3672531492872001,0.3653868591067427,0.3726954121644254,0.2954923408139195,0.29420874806807895
11110010104700,0.7538426982365634,0.72783667478186,0.7478732956327477,0.7522018654174923,0.7373426523262827,0.08374190675978077
11110010104800,0.05597220896869648,0.6711464366609992,0.6722502764318269,0.6708399630702004,0.4539053410741385,0.2547197331856116
11110010104900,0.5373969930452516,0.3933104848844936,0.41703907966707565,0.5301260339786101,0.5116139987142967,0.5396334965513752
11110010105000,0.536978981548436,0.5339526089788075,0.260874693183084,0.48031607363355033,0.5293326773488006,0.5330564399891727
11110010105100,0.8479651779766013,0.023742113552491673,0.5882356021672711,0.9281857817131798,0.7144811657543382,0.8869400112370907
11110010105200,0.48240528891418355,0.20723130341846463,0.6795551108059363,0.859059096911091,0.22869009526690365,0.503961519955219
11110013104210,0.051361379635535775,0.7462406042509757,0.7519179580263402,0.7430886696793935,0.7326934438831787,0.7523297759679056
11110013104211,0.4242412052739652,0.42228854570508206,0.25606323894197014,0.41548846153813335,0.07440662447848678,0.42129834993036747
11110013104212,0.07697869988366199,0.08267263829226278,0.07886528450840866,0.07952508586069043,0.04189971359577365,0.07670340818644183
11110013104310,0.040088995171312924,0.25434104864142004,0.7134077360071236,0.029231222832899362,0.06444198049553795,0.42108598610050474
11110013104312,0.9481416763886351,0.9085925659994469,0.7101941961162453,0.18748620877633215,0.9267537680503759,0.23651223403223798
11110013104410,0.6671967223928404,0.6237231069524775,0.6665706210347573,0.5492519090298501,0.34199486064122697,0.16660103989584152
11110013104411,0.5909482936157865,0.15581859001151555,0.6905143444328365,0.8985037017433043,0.4701293834189325,0.22334497663607733
11110013104412,0.26891061537179517,0.7285961600761592,0.0881300916701151,0.8858157561812647,0.20347853822857898,0.36069119302939845
11110013104510,0.2127702488355081,0.4084632860003401,0.7137700471050464,0.5414085377883108,0.6682632390769867,0.1803954662212296
11110013104511,0.6524586199380407,0.11663938600571466,0.6125830594786985,0.8085187445610181,0.2734927078987428,0.724563434823809
11110013104610,0.25762621247455697,0.808777642343888,0.681759603379401,0.2974955597419944,0.2106958758966545,0.6548961193789652
11110013104611,0.4435058465620759,0.7060074472307444,0.6171521211710037,0.31248302288356733,0.6745595562904743,0.4800457031965505
11110013104710,0.5629090080616633,0.8422601539678525,0.6846170221253361,0.15378974574453164,0.7078528493041971,0.8286189666343409
11110013104711,0.37420598750222334,0.49064950077747627,0.9464524450737969,0.5196214148848509,0.5504724564783546,0.5071309505621033
11110013104810,0.814204289397147,0.0053815176219609295,0.5580868155580433,0.78840475298463,0.4804997871782729,0.3969121224864651
11110013104910,0.8727131366690785,0.8553533540260668,0.8713595938712669,0.5600390476999684,0.5637293785641904,0.7947252442364373
11110013105010,0.24093876598583386,0.42046389146037344,0.613550439931804,0.7463858718500174,0.7545412273530184,0.24526281571092945
11110013105011,0.10004565467929938,0.8031896043370021,0.7994558094374443,0.4010944159059775,0.4875152582408798,0.7978098301071419
11110013105012,0.7168712368030816,0.6773487767067272,0.7074578760337074,0.18425112209780492,0.39105624669198313,0.08527303434569045
11110310103010,0.524585529403595,0.818594340433933,0.8204883904383075,0.7002025472520269,0.2867436403385606,0.1409370148420498
11110310103011,0.5095171424402473,0.5098069565017204,0.4425571955827329,0.1685080111556322,0.4333240810931539,0.6889708798431667
11110310103012,0.3877749520447308,0.011578780894796385,1.2120588614471222,0.34864509674019506,0.7104599667154226,0.7056551982322017
11110310103110,0.7516350481175961,0.47382447580679876,0.5540019987779202,0.33561214694601915,0.09680230036947701,0.3082730500014951
11110310103210,0.636877702483595,0.910909117083661,0.6216676725038055,0.3054612341340057,0.4260130994966159,0.11327707389027164
11110310103310,0.40720513384317947,0.32854062522412086,0.9682247837952965,0.8151010606255363,0.14519732505662375,0.6087808278164476
11110310103410,0.24577586498568327,0.0680798594416232,0.7003660070061776,0.0025637781606637766,0.8462364120895818,0.8397550409860949
11110310103510,0.9707582700293776,0.10183914705899921,0.5354584438008432,0.29713954404511944,0.7156067831014135,0.5145907533739693
11110310103810,0.8239849369271024,0.7061498012652896,0.01772331237675817,0.29222338625963373,0.4811428851812408,0.5404648601416259
11110310103811,0.1736596688384766,0.015354713184077773,0.59106586325627,0.6961243389712786,0.5846805434871492,0.2613937439846432
11110310103812,0.23514377349504811,0.2973806153029288,0.016796653807206963,0.9055477131219254,0.41764645171605475,0.1314719605059692
11110310103910,0.5962501200076576,0.43519050168589446,0.883237266334831,0.030003026632691276,0.7042185031052057,0.41872080216232266
11110310104010,0.2833498032565106,0.5443821636048604,0.47855398150466777,0.5861995378240672,0.23806688299651235,0.02183413077871832
11110310104110,0.7582297477579859,0.017129432907485143,0.023244230896266815,0.30730076878474544,0.6061692214915306,0.016942300553332568
11110310104210,0.6503823313109756,0.75171136782863,0.7548574786415719,0.07025254534360281,0.8841127685424119,0.0916389866539733
11110310104310,0.9617899647790481,0.10980559885087049,0.750139044194947,0.8465884990796283,0.9481637854092372,0.8394795040943629
11110310104410,0.15261459808852118,0.46911914313592185,0.5257502978151866,0.865677289658268,0.42857280192519875,0.566984814475637
11110310104510,0.7476932644647433,0.5468705922594346,0.9012682338924601,0.33071777691414495,0.8049483502777547,0.21611130403245227
11110310104610,0.586450803065661,0.37788295200726474,0.21414982936294535,0.5913802450935627,0.014669785432170346,0.12411691973178485
11110310104611,0.1947445257313738,0.5944372798883737,0.43708311510100284,0.348599827881909,0.5747191319270981,0.5861511573945908
11110310104612,0.10515633165614446,0.10521950169935257,0.06315100201200474,0.9302215086860754,0.19381029234715397,0.4825111509725266
11113010103010,0.15449577167862127,0.703772677233152,0.5492139061295046,0.37753666448527734,0.7089780017731516,0.7410946762451609
11113010103011,0.7952566325960533,0.011160384421135094,0.5822745345809243,0.22978859999775036,0.18130430568440492,0.7925990515640426
11113010103012,0.5619922533994497,0.01369860432436354,0.24151540497467527,0.5604666960724811,0.3968271572801314,0.3527460424462172
11113010103110,0.9220812186508967,0.3012436746889595,0.35193977940677834,0.31352495729983887,0.9241097761224427,0.4148741146410405
11113010103111,0.6374205108503439,0.2898173321645884,0.7972500823240285,0.19994766987109003,0.6122302319498738,0.026706845281879388
11113010103210,0.28894158647654244,0.45638852489725246,0.557338239286988,0.1891194417120653,0.7627458245968622,0.7854495360305482
11113010103211,0.3618367634421519,0.058240000166315475,0.5198884808278752,0.6934039734221636,0.315884731488689,0.3330015395961232
11113010103310,0.11886089815336565,0.17644371653720903,0.8157060832218186,0.5696874963872309,0.09483254417721654,0.5257850496315776
11113010103311,0.5481048193707602,0.47697588121761203,0.4382583531705888,0.9398555182145236,0.20833992231991072,0.570799846680144
11113010103410,0.1410700762978665,0.7408537865353501,0.7405184529181451,0.6896303389237732,0.6534438774588894,0.10363689047989799
11113010103411,0.4910493098366463,0.33515546466538126,0.10039741978501593,0.4546008273965342,0.9950863033201686,0.6290913125135391
11113010103510,0.1591056988754429,0.30955828664686835,0.058885022879682,0.4811482813737976,0.48975328624414005,0.4033566668401344
11113010103511,0.6019176989913909,0.7420188885370967,0.8976155373081665,0.39505302162488987,0.8883561233175433,0.5836227427894884
11113010103610,0.019079849435299612,0.27978693250494036,0.5041723088227138,0.7661353843609241,0.109723593991229,0.16615977759294764
11113010103611,0.579211658626071,0.7390400856143845,0.887549560076927,0.9769804176151021,0.9496552244561871,0.7149331320725871
11113010103710,0.3100165136656844,0.6273097536920229,0.4403420662740084,0.6186707182943401,0.6052286465831977,0.21612416430627235
11113010103711,0.11577632635237489,0.802872117923526,0.47400302764242996,0.5533022659549067,0.4723186032847483,0.14969663984688852
11113010103810,0.32276133396320067,0.32038114704816795,0.3165519861105301,0.11133497227424284,0.31927431029576353,0.19624024317161215
11113010103811,0.0662728365915608,0.14530781130839654,0.7716507015787617,1.7661898004364938,0.6170965018089535,0.8159317215129434
11113010103910,0.5137702167461677,0.5120412849963619,0.522020365412814,0.5156153105718502,0.053918878723215435,0.3472393333909394
11113010104010,0.7118622894506337,0.6019074389564129,0.7385547916487557,0.2781560301964523,0.6983174236781016,0.7339357430389352
11113010104110,0.5477048312848911,0.5406854850939814,0.33775570053060466,0.22477069499578206,0.16511890074212576,0.5393212989590072
11113010104210,-0.049126990733841705,-0.043318156065507624,-0.05094751711802477,-0.05011165417788939,-0.054547160482139714,-0.05133433894577496
11113010104211,0.1664642130397347,0.1724405177682483,0.044060512550700204,0.17327489337700022,0.15375168413013784,0.17141293268712052
11113010104212,0.4438983170459047,0.43078782746862243,0.31588785790143126,0.04597314359835647,0.40284740952844855,1.005664516537864
11113010104310,0.08853240313570376,0.24664948908553255,0.24798261318356077,0.16652713894551296,0.24673638580208943,0.01872210716037781
11113010104311,0.022462564419759246,0.7991225877945765,0.9513543427620307,0.30113498079490264,0.07725716043521202,0.40627464777668365
11113010104410,0.4128457281635997,0.41444667385861517,0.4200795159693351,0.41675692631810485,0.38508475236465517,0.26184757486491006
11113010104411,0.8943371076281912,0.004667504529575539,0.45866241808402763,0.6226996810779583,0.7244089725083221,0.6567970073780612
11113010104510,0.6925156939166094,0.16431116844008598,0.6886118990932999,0.6948028262034446,0.693963737880386,0.6945912052405125
11113010104511,0.02686098851628005,0.20720632368031544,0.5865133404199677,0.5764084536587305,0.6865970979608841,0.1409295776544245
11113010104610,0.25812381175000754,0.26753539703041795,0.1609745256040408,0.2321863888433594,0.2203546438796623,0.26668505744128634
11113010104611,0.13369333010681272,0.2705985704239677,0.27708194938570996,0.2730024167852264,0.22901581836930823,0.2758824003570117
11113010104612,0.5212336924044338,0.47633539419577,0.5274829577830006,0.3457004486846651,0.5279032998287109,0.5227079614955016
11113010104710,0.24553155937897564,0.2459547039156076,0.017260496826887683,0.17605966244385418,0.03420479904127227,0.12489379814837742
11113010104711,0.1353265839485398,0.8797286203587703,0.09064652747204072,0.3134695015631853,0.8191821655042341,0.8783596150696539
11113010104810,0.7522478157417983,0.5734291374380867,0.4117605146994614,0.7485012397428552,0.7411351896869592,0.06811762868896087
11113010104811,0.8581766498626194,0.04212206980078037,0.9845489223876889,0.4939314139545441,0.08932952933643112,0.26810282241307615
11113010104910,0.6304606726426139,0.6217695379826991,0.6266740463290335,0.6222278643789814,0.5443036962343135,0.5340963055171931
11113010105010,0.4098352244759343,0.01798772984325059,0.41457028917804867,0.41157066118564584,0.40242897167346664,0.4131185185530979
11113010105011,0.5692726985719411,0.5771045517317172,0.5786271874729144,0.5804013813063869,0.5392570427575946,0.5763810585594238
11113010105012,0.3258546216213684,0.141587495306715,0.3319630216961661,0.3310821363666515,0.02631875711582765,1.2546279416654527
11113010105110,0.16022337576655665,0.19237608471122614,0.5427688647790738,0.34007949670025694,0.7734035721559237,0.32896573530030726
11113010105210,0.03522355796502308,0.8162823031701832,0.957426392594506,0.33198539283851736,0.2520991884595092,0.09597519871732674
11113010105310,0.5924977884597782,0.20306792350657088,0.23813917837138987,0.3108569487496614,0.20607089385436517,0.2356607180269471
11113010105410,0.34181923895845323,0.71125199382227,0.33255403100049397,0.04182461185983222,0.15344543916628361,0.28782910241454873
11130001004511,0.6312398727969514,0.660413747105466,0.7247526882343358,0.4977302500125007,0.6820969983206859,0.7268648451242813
11130001004512,0.5697628761247556,0.31061776430002874,0.5777916972019298,0.5731379337624135,0.05211137062965132,0.5603758404583445
11130001004611,0.05360706127994314,0.013071591590056997,0.4270239344015926,0.5985805182906838,0.833661755199149,0.47871791234380956
11130001004710,0.21834339772932654,0.4841623562812942,0.9021714921013055,0.6397907055744488,0.20511015075809946,0.0876225299919049
11130001004711,0.24887733036452697,0.3777357874034497,0.5960728913214286,0.5024218919879893,0.5040070853392441,0.9848423745066883
11130001004810,0.010691124826976872,0.8201624956638331,0.7584841741307173,0.9611774389366274,0.06083603870873078,0.554234463687472
11130001004910,0.7344830523905171,0.6168054492765276,0.2899763224082741,0.7373164025963331,0.20867392184171907,0.6741708667095776
11130001004911,0.42730371762117647,0.5510987479195093,0.5493006299339168,0.22579024869819153,0.2166797985354697,0.3771531337999704
11130001004912,0.6895419693339602,0.6892617637188535,0.6805430618110249,0.1785981959067432,0.23534329430255563,0.3211593597563823
11130001005012,0.6366540565521623,0.15767750079915288,0.4189171608866965,0.88567320161692,0.09263221393942478,0.4940723114755484
11130001005112,0.31615763119644047,0.709401397994438,0.1693373791743622,0.8540235903359673,0.9204347174831184,0.693095056142285
11130001005212,0.5493350769764045,0.5457615347273285,0.7396706639914932,0.10215091170275226,0.6554058383384705,0.3521091121953226
11130001204110,0.4719813729744904,0.48515411607783576,0.23179809345881686,0.8048851473570361,0.23626794247906435,0.7404022207733152
11130001204111,0.161274229742005,0.6501990426996487,0.6791376894555363,0.5671628105032891,0.6489845742176167,0.6782725318770471
11130001204112,0.5424132873700419,0.5509044668099532,0.547534019737435,0.4962768489313546,0.5215019199376246,0.4372389446816247
11130001204510,0.44713108065831647,0.2634136941340317,0.2929942335798411,0.24231437577300097,0.28717282181971593,0.45063738739582493
11130001204511,0.04986546816407167,0.8375660219421001,0.0022083522103655273,0.6771061834028274,0.5856834633075105,0.35193507071249286
11130001204610,0.8594565387490108,0.6099142275963478,0.937160188618278,0.8960799167622747,0.9242578993787491,0.4630086373344221
11130001204710,0.8730547443208592,0.44919694601587234,0.3669895098349275,0.9518787317824774,0.8203267802283599,0.32013841022841294
11130001204810,0.17951858021496114,0.5843042583057603,0.31491018281359906,0.3020203160052819,0.2973443842635639,0.16377781270016933
11130001204910,0.9191594656955089,0.6920498003072931,0.7637266929643455,0.08649008144561454,0.9159039505684831,0.5742075140036881
11130001204911,0.30704059589551624,0.08454955521911889,0.587894301915762,0.3528149373715368,0.5531271636097216,0.3969872676881848
11130001204912,0.6939419092838358,0.8053481263400041,0.1782589902878865,0.7505232579502401,0.37427673011405804,0.5058261388290634
11130201003710,0.8875234608903054,0.43584617825426897,0.7743153211074504,0.8071503786505102,0.8670103236204031,0.02008687404250875
11130201003810,0.9154184460279849,0.30853986158790425,0.8200066548429906,0.596487829267951,0.09884787308633691,0.623431561081796
11130201003910,0.5828928424817238,0.9159616139211754,0.2980056722384111,0.552816898669288,0.8870185413181606,0.7981723388482184
11130201004010,0.20682640739715263,0.6781507166786721,0.26996719957351945,0.18431069416203794,0.550197512755543,0.6856579063151118
11130201004110,0.34784163775991717,0.5839161712056181,0.47787046268233835,0.6734852554375919,0.39042523522392836,0.46518207699515735
11130201004111,0.46843917176522065,0.4783589295416998,0.13417700964731138,0.3524163369046569,0.4323479268468293,0.17952442738910857
11130201004112,0.5337434741036086,0.5520263426349991,0.17130931801270644,0.3783641004481012,0.5218979634484273,0.5516716765914081
11130201004210,0.11595525884589153,0.16690295925103182,0.5166740854578054,0.5748700858888156,0.39725552503562145,0.09787641541825876
11130201004310,0.5707532401232455,0.5228122140753757,0.8045698239303438,0.8537625958597483,0.3892624158653408,0.7109508293078145
11130201004311,0.19369456962425535,0.894466508367218,0.9729059196416839,0.31376670128232453,0.48627337507776713,0.9036840734939818
11130201004410,0.2040410490714024,0.02142011658630838,0.4939386520678911,0.33971479249639824,0.0781257880185322,0.9004449569971161
11130201004411,0.08621345529752045,0.04061749847904417,0.3059556547983662,0.06667262457841516,0.7782571743192409,0.5050273412572079
11130201004510,0.3807844297036448,0.5500338314144837,0.8344552548847659,0.45309585118658247,0.28669506239237363,0.12235179245666039
11130201004511,0.5120284005302699,0.27918429798199484,0.5674558795273505,0.5625764132840432,0.5709047348471759,0.5683451407054197
11130201004512,0.16841787094084482,0.38499033753181,0.2658379038767057,0.6414052653775971,0.6372073272094051,0.6448081830437163
11130201004611,0.8754035166714715,0.9947910371660453,0.13508243763731997,0.45805265990154775,0.6861329146545861,0.3487008503994393
11130201004612,0.06900620052106698,0.3718492970589812,0.9740119615727706,0.5912826773957749,0.8228248332380323,0.45592559086795936
11130201004712,0.63349329248416,0.2319859651483014,0.9378134384962667,0.2549595234737284,0.451015863716384,0.10325530755940382
11130201004812,0.9582470059011003,0.7916458662512046,0.21899170387163924,0.640155480972239,0.8282235863092757,0.6436611104751412
11130201004911,0.5347288194399769,0.14688948914761257,0.8645295941039485,0.003221840415628119,0.30771468405462143,0.04012565719219463
11130201004912,0.0030276862471247945,0.023565805130705275,0.16985258950565885,0.2592641289597478,0.29490933626576415,0.29186954598086656
11130201203812,0.05506602044969755,0.5999069993653321,0.5704367239672333,0.02445822556802313,0.05660770428830808,0.9138104306054519
11130201203912,0.5421580188072322,0.12018341164772361,0.4746664419208142,0.6712493905112775,0.5139998185436143,0.08811093715025475
11130201204012,0.757246250005902,0.7096322502169164,0.8968632865907994,0.7443808360454954,0.0966258991358554,0.12823796792461273
11130201204110,0.4138011325497727,0.01907168710226037,0.061697770558120646,0.32561014001003474,0.4443716465521198,0.1532569224328968
11130201204111,0.03289146325153339,0.42886217491397105,0.06022193210148419,0.43552565369969237,0.0029401475941696065,0.43152863132930336
11130201204112,0.6679942066643547,0.6636039767938068,0.3797564429467267,0.6654527554918277,0.6185717003114405,0.0951701164054729
11130201204210,0.6710436181883955,0.8825262848277521,0.887960953394547,0.16174838646448975,0.8973650358731662,0.5050976682173492
11130201204212,0.6268754123765256,0.28562390111410185,0.05075493533556841,0.435372638116012,0.1252005628817956,0.01260343425513133
11130201204310,0.7966147988956558,0.9081519619913719,0.4241551690228246,0.027565181973195574,0.27187850894116183,0.05123685753280649
11130201204312,0.15980996307879625,0.7362636018656655,0.127210101953956,0.004166861726994209,0.8270893454975646,0.7516620769859392
11130201204410,0.38121160369768614,0.20821184859633812,0.7916367342308194,0.26967177667584663,0.6564171952655375,0.7883958907777852
11130201204412,0.2233456403531443,0.9440817637783467,0.6954458939615411,0.3116327776515623,0.25569767316065617,0.8833620740004359
11130201204510,0.12048076427204168,0.7256205169258599,0.4823004194553957,0.48949983547830456,0.7004211895335029,0.7325557862556821
11130201204511,0.1840712370774482,0.2378786161775027,0.23221856898827442,0.23741974061733634,0.222985350163644,0.08279340674231439
11130201204512,1.273314521321829,0.7534402668091043,0.7548887351075712,0.3161559572428846,0.7161171369606791,0.46866369274129127
11130201204610,0.22109081964990052,0.07687771454513925,0.33021078166666207,0.019255681499285138,0.40045479601458944,0.42915102986361237
11130201204611,0.14181271263647655,0.40701016928729183,0.16080816743216453,0.19331613153276783,0.7603797649751963,0.5276007238561664
11130201204710,0.07635233390686291,0.6997631242103912,0.7453203210730884,0.1974427244459216,0.3704378490854022,0.8217258366366322
11130201204711,0.911807248186663,0.3104820027334263,0.08733898906887283,0.6488348671472,0.24574170307535703,0.5851880391842881
11130201204810,0.44699926269675294,0.19540188206185705,0.4927753085931925,0.3944953904531183,0.5561208740968733,0.13097819274775158
11130201204910,0.7861811621965852,0.08170179173485415,0.7948739144094853,0.3930934181710122,0.5917975927741144,0.03766343754762924
11130201204911,0.6815075273552635,0.5679139259738516,0.6800967479379141,0.6813395418736925,0.47576402933699335,0.029208297791040838
11130201204912,0.30738149505218304,0.7045096879505944,0.24462802515688964,0.48305693372649294,0.059510022571371946,0.1989081558033644
11130201205010,0.45771891759030303,0.29682711837215947,0.24943813202907272,0.05024805820643152,0.8645366611754756,0.8771943438727412
11130201205110,0.41421282650606683,0.6594605589911755,0.7023352575785147,0.606300218899059,0.41956959290422247,0.006450356336034302
11130212104010,0.21461285769366967,0.023371598213745015,0.39089643806378493,0.35722039521803217,0.6751870158819542,0.3857824171019264
11130212104011,0.8966031886012952,0.36621356105849767,0.05804511094331821,0.6600326660273378,0.16807498023475553,0.10942526687232301
11130212104111,0.23399453728921848,0.7774473532958822,0.509042801659225,0.23242813951031793,1.1947049846283322,0.843268165417529
11130212104112,0.915545660287203,0.9151409243997962,0.4463569725189275,0.9124361641265963,0.885410182625563,0.15065329597378985
13010110002912,0.8269764058861326,0.06905049806515051,0.7387423203637695,0.49611968916297655,0.674682490515853,1.2866246727782729
13010110003611,0.4727930811625538,0.5015321210308533,0.8641983205292477,0.12385121353851392,0.9453226179130912,0.18748074553969296
13010110003711,0.31694147240893356,0.43011668152315763,0.06645166663323165,0.5213266353470227,0.28766949144255505,0.8416754288127103
13010110003712,0.5339623595059649,0.18731137209515014,0.08610941239047576,0.5292651003653668,0.8924603725112417,0.487686632739471
13010110004111,0.19105725715430588,0.16200686390649588,0.23993015757318448,0.6689265471625045,0.34400089994182126,0.71617968495443
13010110004112,0.18251698116959125,0.2598949535788855,0.6304639919773831,0.6210251030902995,0.36572616627380583,0.5537237883676842
13010110004511,0.4727740410913389,0.14281880961797888,0.6887703259686953,0.8053437228454889,0.3976371336111967,0.5949429017161539
13010110004512,0.7109902301124696,0.3431258319255118,0.7552256700490348,0.41752005403917836,0.11815054382233114,0.7468614850050838
13010110204110,0.4068529671054828,0.6455488616297318,0.5969407085213595,0.876172852172802,0.24458489227077163,0.12214896689462484
13010110204111,0.018783932138710102,0.6318693909651096,0.6316102739187026,0.6286274873531267,0.5435920543603141,0.29840104197492545
13010110204112,0.6827361317578864,0.8320625405023221,0.027450609390835434,0.8314737168723086,0.500834431195084,0.47909860452829023
13010110204411,0.6719382859761436,0.7534547510642056,0.5524150982083492,0.4236123266877744,0.8265808532159447,0.529932834864407
13010110204510,0.42225741879792134,0.5899608354485318,0.6153029049823524,0.26723683321429903,0.12516558152452262,0.2659409934424727
13010110204511,0.5274330804989272,0.3888319170947605,0.5529078278294941,0.5532227861829676,0.19340448304773872,0.36791764001054794
13010110204512,0.5608265063362591,0.6354954936135194,0.6651169863620355,0.7241301793242307,0.7097139339069424,0.7296359124323265
13010110204610,0.8457692742079552,0.3652629295275025,0.37095933275726223,0.6050666021159511,0.8995650412639401,0.8350362650736745
13010110204611,0.22179286567790424,0.16493736518330693,0.6385861736742249,0.4014391244926694,0.1400902408924224,0.13497539848885687
13010110204710,0.04044812961128952,0.5919950397132078,0.8837289676292363,0.8962982189599589,0.05309062814113552,0.13228080789936203
13010110204711,0.5709269131563574,0.08709328719672449,0.8067150220757613,0.5552040034608001,0.43047839117816344,0.2893635346808112
13010110204810,0.321262155628975,0.6512824435719957,0.7493085818090673,0.7242025644595631,0.8337686478479116,0.7954323748188772
13010110204811,0.28349576283517264,0.6350048436083076,0.15789773666480922,0.24328282634596043,0.5347151189322866,0.3193139031258301
13010110204910,0.8147140130444006,0.9397118727351856,0.3265689152118805,0.0034240559204822274,0.7145069830538138,0.7095527272926867
13010110204911,0.8144857680619454,0.21828313611218086,0.8230050300329292,0.8662739428174642,0.6605677898040012,0.5158784963084473
13010112003312,0.2984132660718427,0.042413656018724266,0.3335098086591284,0.23708443590160144,0.051996752482610153,0.6586602356158924
13010112003412,0.6137325157153714,0.6831014039013159,0.8748021853962079,0.6698825179977888,0.17060176556525564,0.9441122643443728
13010112003512,0.017904691126813366,0.7597031379267054,0.161365650092813,0.6587121882702317,0.7464318248515679,0.4313568166508642
13010112003612,0.5299354841944601,0.6017309565673089,0.8512012381217486,0.09512810307600272,0.6010562565534863,0.6825197418401757
13010112003710,0.13425546923347143,0.8251862911562895,0.812725465048966,0.49429079250228447,0.805594769698817,0.3610908022514644
13010112003711,0.14666781990208855,0.834685267986591,0.11513514586247353,0.0062883066938962395,0.750964781291361,0.09802336596159855
13010112003712,0.017899719432014738,0.4430903172131744,0.6854132180600611,0.3330690349669112,0.43978075767341807,0.3735083375962892
13010112003810,0.2826732574205244,0.6643830319959978,0.36009907358567617,0.1591761469635895,0.6405617740557468,0.3825502202989328
13010112003910,0.9267161859958462,0.603290368564241,0.824387125463338,0.11270601778688161,0.20333182636339842,0.5445350659383105
13010112004010,0.39402943639663746,0.41289753738830437,0.8275127718484149,0.639599873686313,0.7269643028512057,0.2989966545665451
13010112004110,0.3968088900961322,0.6817830085236966,0.678482859512172,0.06797921726251643,0.5703107791647851,0.16935451818535718
13010112004111,0.0009426362805872168,0.4973704660794588,0.4904588513551173,0.26443287858239056,0.4503436647189786,0.4958424570223498
13010112004112,0.40045992863000346,0.599836064421489,0.5540056606790889,0.08187150611308391,0.20810927537153356,0.61943679038762
13010112004210,0.27929142154918407,0.978282654389675,0.9696108523461517,0.8813470753896977,0.1241260757579633,0.9127197450381241
13010112004212,0.2769017207458683,0.5842132760730036,0.19164241905015833,0.06616810149816066,0.8580793016410568,0.5471097490010389
13010112004310,0.18097224403228174,0.5476807678739599,0.754597110619482,0.27812255361183835,0.21171540824644441,0.9750136356766632
13010112004311,0.2486132192362711,0.9687780996103372,0.4438840570995777,0.849336975367347,0.8260029206978585,0.7233541178829561
13010112004312,0.2801748087483359,0.9082118816194807,0.30675566664757714,0.6856799819834051,0.09877608609738031,0.6018809375603111
13010112004410,0.6358439010468961,0.9451682846209891,0.8613000909488278,0.574297928177432,0.2805226241170534,0.4913881703258819
13010112004411,0.8429382857364556,0.8274554925637786,0.12400893406707036,0.8660383244095687,0.39051581333470553,0.7435608067779927
13010112004412,0.7839004371846716,0.6662687424453955,0.5289279893042536,0.8239847773793401,0.4706704845243338,0.4419031884451414
13010112004510,0.8003304103152561,0.1614254627826871,0.04236147429291004,0.2756964489398881,0.770065648422611,0.8750559824683088
13010112004511,0.5375110860616655,0.07981023640844143,0.12130070340225207,0.49903326049719654,0.5409045263127417,0.5789559613913935
13010112004512,0.09335817774169464,0.02445432263864411,0.6878509058753237,0.6906446244198686,0.26327284967287123,0.5630032883281596
13010112004911,0.5806863604160367,0.1779702112090633,0.8188733043600578,0.008490444567021638,0.666836108673568,0.15081902420029336
13010112004912,0.44839497474307255,0.17252586812521475,0.7563311300060073,0.6131298246274622,0.5647898676856334,0.0780856871561807
13010112203211,0.9196307181985338,0.7696256086681158,0.6789778722541083,0.07047304885710959,0.9166626787145907,0.6538782684115559
13010112203311,0.804469878209347,0.8423992857962174,0.4149339570473366,0.36575972324673434,0.5879993637554212,0.15246155281321971
13010112203411,0.3663849906953208,0.7123211082902317,0.8093792304999128,0.764722628864725,0.7797437409436142,0.09655328542506048
13010112203511,0.3531561351329908,0.9202268982214803,0.25894184368525097,0.10322985747771996,0.8656570568496587,0.6505355385352982
13010112203611,0.2817323400129442,0.5925893813585213,0.9230954397577736,0.5715809399691489,0.5958997069503164,0.2268428979721222
13010112203711,0.5846526817681916,0.0680870182704667,0.7820153003228987,0.7413887080143051,0.7181534682371128,0.4707969469480082
13010112203712,0.4831957287014349,0.05689703560746029,0.8139057900454455,0.8051111349483114,0.22579714429275288,0.8221209687573332
13010112203812,0.8730565597726497,0.6498011215000851,0.027733145680977622,0.3742883005922081,0.8762432771315618,0.13664823855616404
13010112203912,0.3540282029787337,0.2110974400475939,0.8113602598490116,0.9579648082058759,0.7480798546072314,0.27882163899182255
13010112204012,0.09628934613538642,0.19947848518353906,0.11174665209314205,0.9751542773575549,0.40813700618774196,0.2691800285277456
13010112204110,0.6848127754087364,0.37477623631189394,0.06021540343450904,0.5418023126655551,0.68701538132366,0.5666330329362294
13010112204111,0.2949208144019016,0.2888903690939586,0.2970676114250047,0.20686756406129814,0.2629286640685741,0.29215517569281896
13010112204112,0.46253714372569765,0.29302084953830365,0.5425357262861245,1.301918775771549,0.10611675578263902,0.40111263921100515
13010112204210,0.22709068300417368,0.2668760848339149,0.7664519935963213,0.622631466715441,0.6683993982788927,0.40270139873956423
13010112204310,0.3433535398548432,0.9436650483431515,0.10960078507885129,0.8162720321676197,0.506234943393814,0.022805184483648988
13010112204311,0.2798843499186813,0.35947595051106573,0.954256455720243,0.5564055713925424,0.44742791026415707,0.5832671989868194
13010112204410,0.8491329005502201,0.24602005973878538,0.6591809477501623,0.387846861477148,0.2429228187000707,0.9924008839845732
13010112204411,0.9397642070702606,0.888984359754969,0.6592907713412014,0.4850037984369783,0.7829203266927088,0.9462843919126043
13010112204510,0.4368807191982629,0.4949736960624622,0.30083577457584376,0.31977611449529886,0.654685756872085,0.7103846039252718
13010112204511,0.45613793915739564,0.16259272046828,0.5766808994002964,0.5781806620462255,0.05514250611851157,0.5788931859798464
13010112204512,0.02015858929262304,0.42626724717457243,0.4279112300770625,0.3073003108703787,0.3855620165937263,0.2076061408129295
13010112204610,0.5412371228639177,0.5442896436890204,0.3355976113957434,0.00986780990809022,0.7266383699157617,0.10852027994897773
13010112204611,0.6982335117216949,0.8545783793005637,0.9253880384420359,0.257666281730624,0.013638006781979906,0.5536771068823713
13010112204710,0.9826064028969381,0.09362806636438603,0.09015270734625891,0.3509187254150161,0.9403737064646822,0.6395604657628017
13010112204711,0.6627137828394205,0.20985627193857903,0.4175541848014147,0.6530019265315322,0.2018921397933905,0.829151434188377
13010112204810,0.5655389839787843,0.6357013797224023,0.16760642577216256,0.32493903517604716,0.44500612553964125,0.8522731497727958
13010112204910,0.7707148495688829,0.33453823030205887,0.4094279084111324,0.0999751370050248,0.7496359333849507,0.3377161818950767
13010112204911,0.5063292128186645,0.5400390752087352,0.22851554566477428,0.321796553350176,0.5179696202705526,0.2789256908965848
13010112204912,0.5625954577985616,0.2337388650778619,0.20406924119428882,0.31742708872067127,0.5150424504302987,0.5392094168889403
